Name_PN;EPPO_code;rename;New_name_PN;****NOT FOUND*****;Handmapped EPPO;EPPO_final;iName
acari spp;****NOT FOUND*****;tetranychus sp.;tetranychus sp.;TETRSP;;TETRSP;acari_spp
accident climatique;****NOT FOUND*****;;accident climatique;****NOT FOUND*****;;****NOT FOUND*****;accident_climatique
acrolepiopsis assectella;ACROAS;;acrolepiopsis assectella;ACROAS;;ACROAS;acrolepiopsis_assectella
aculops lycopersici;VASALY;;aculops lycopersici;VASALY;;VASALY;aculops_lycopersici
adventice;****NOT FOUND*****;;adventice;****NOT FOUND*****;TTTTT;TTTTT;adventice
agrobacterium tumefasciens;****NOT FOUND*****;Agrobacterium tumefaciens;Agrobacterium tumefaciens;AGRBTU;;AGRBTU;agrobacterium_tumefasciens
agrotis sp;****NOT FOUND*****;agrotis sp.;agrotis sp.;AGROSP;;AGROSP;agrotis_sp
albugo candida;ALBUCA;;albugo candida;ALBUCA;;ALBUCA;albugo_candida
alternaria alternata;ALTEAL;;alternaria alternata;ALTEAL;;ALTEAL;alternaria_alternata
alternaria cichorii;ALTECC;;alternaria cichorii;ALTECC;;ALTECC;alternaria_cichorii
alternaria dauci;ALTEDA;;alternaria dauci;ALTEDA;;ALTEDA;alternaria_dauci
alternaria linariae;ALTETP;;alternaria linariae;ALTETP;;ALTETP;alternaria_linariae
alternaria porri;ALTEPO;;alternaria porri;ALTEPO;;ALTEPO;alternaria_porri
alternaria radicina;ALTERA;;alternaria radicina;ALTERA;;ALTERA;alternaria_radicina
alternaria spp;****NOT FOUND*****;alternaria sp.;alternaria sp.;ALTESP;;ALTESP;alternaria_spp
amv;AMV000;;amv;AMV000;;AMV000;amv
anomalie genetique;****NOT FOUND*****;;anomalie genetique;****NOT FOUND*****;;****NOT FOUND*****;anomalie_genetique
aphelenchoides fragariae;APLOFR;;aphelenchoides fragariae;APLOFR;;APLOFR;aphelenchoides_fragariae
aphelenchoides ritzemabosi;APLORI;;aphelenchoides ritzemabosi;APLORI;;APLORI;aphelenchoides_ritzemabosi
aphis spp;****NOT FOUND*****;aphis sp.;aphis sp.;APHISP;;APHISP;aphis_spp
argyrotaenia ljungiana;ARGTPU;;argyrotaenia ljungiana;ARGTPU;;ARGTPU;argyrotaenia_ljungiana
armillaria mellea;ARMIME;;armillaria mellea;ARMIME;;ARMIME;armillaria_mellea
aschochyta spp;****NOT FOUND*****;Ascochyta sp. ;Ascochyta sp. ;ASCOSP;;ASCOSP;aschochyta_spp
aspergillus spp;****NOT FOUND*****;aspergillus sp.;aspergillus sp.;ASPESP;;ASPESP;aspergillus_spp
asphyxie racinaire;****NOT FOUND*****;;asphyxie racinaire;****NOT FOUND*****;;****NOT FOUND*****;asphyxie_racinaire
athelia rolfsii;SCLORO;;athelia rolfsii;SCLORO;;SCLORO;athelia_rolfsii
aureobasidium pullulans;AUREPU;;aureobasidium pullulans;AUREPU;;AUREPU;aureobasidium_pullulans
bemisia tabaci;BEMITA;;bemisia tabaci;BEMITA;;BEMITA;bemisia_tabaci
boeremia exigua var exigua;****NOT FOUND*****;Boeremia exigua var. exigua;Boeremia exigua var. exigua;PHOMEX;;PHOMEX;boeremia_exigua_var_exigua
botryosporium spp;****NOT FOUND*****;;botryosporium spp;****NOT FOUND*****;;****NOT FOUND*****;botryosporium_spp
botrytis cinerea;BOTRCI;;botrytis cinerea;BOTRCI;;BOTRCI;botrytis_cinerea
botrytis spp;****NOT FOUND*****;botrytis sp.;botrytis sp.;BOTRSP;;BOTRSP;botrytis_spp
botrytis squamosa;SCLESQ;;botrytis squamosa;SCLESQ;;SCLESQ;botrytis_squamosa
bremia lactucae;BREMLA;;bremia lactucae;BREMLA;;BREMLA;bremia_lactucae
brulure solaire;****NOT FOUND*****;;brulure solaire;****NOT FOUND*****;;****NOT FOUND*****;brulure_solaire
bwyv;BWYV00;;bwyv;BWYV00;;BWYV00;bwyv
byctiscus betulae;BYCTBE;;byctiscus betulae;BYCTBE;;BYCTBE;byctiscus_betulae
cabyv;CABYV0;;cabyv;CABYV0;;CABYV0;cabyv
calepitrimerus vitis;PHYCVI;;calepitrimerus vitis;PHYCVI;;PHYCVI;calepitrimerus_vitis
candidatus phytoplasma solani;****NOT FOUND*****;Candidatus Phytoplasma solani';Candidatus Phytoplasma solani';****NOT FOUND*****; PHYPSO;PHYPSO;candidatus_phytoplasma_solani
candidatus phytoplasma spp;****NOT FOUND*****;;candidatus phytoplasma spp;****NOT FOUND*****; PHYPSO;PHYPSO;candidatus_phytoplasma_spp
carence;****NOT FOUND*****;;carence;****NOT FOUND*****;;****NOT FOUND*****;carence
cat face;****NOT FOUND*****;;cat face;****NOT FOUND*****;;****NOT FOUND*****;cat_face
cemv;CEMV00;;cemv;CEMV00;;CEMV00;cemv
cercospora beticola;CERCBE;;cercospora beticola;CERCBE;;CERCBE;cercospora_beticola
cercospora carotae;CERCCA;;cercospora carotae;CERCCA;;CERCCA;cercospora_carotae
cercospora longissima;****NOT FOUND*****;cercospora leaf spot of lettuce;cercospora leaf spot of lettuce;CERCLS;;CERCLS;cercospora_longissima
cercospora nicotianae;CERCNI;;cercospora nicotianae;CERCNI;;CERCNI;cercospora_nicotianae
cercospora spp;****NOT FOUND*****;cercospora sp.;cercospora sp.;CERCSP;;CERCSP;cercospora_spp
cgmmv;CGMMV0;;cgmmv;CGMMV0;;CGMMV0;cgmmv
chimere;****NOT FOUND*****;;chimere;****NOT FOUND*****;;****NOT FOUND*****;chimere
choanephora cucurbitacearum;****NOT FOUND*****;Choanephora cucurbitarum;Choanephora cucurbitarum;CHOACU;;CHOACU;choanephora_cucurbitacearum
choanephora cucurbitarum;CHOACU;;choanephora cucurbitarum;CHOACU;;CHOACU;choanephora_cucurbitarum
cladosporium cucumerinum;CLADCU;;cladosporium cucumerinum;CLADCU;;CLADCU;cladosporium_cucumerinum
cladosporium herbarum;MYCOTA;;cladosporium herbarum;MYCOTA;;MYCOTA;cladosporium_herbarum
cladosporium sp;****NOT FOUND*****;cladosporium sp.;cladosporium sp.;CLADSP;;CLADSP;cladosporium_sp
cladosporium spp;****NOT FOUND*****;cladosporium sp.;cladosporium sp.;CLADSP;;CLADSP;cladosporium_spp
cladosporium variabile;CLADVA;;cladosporium variabile;CLADVA;;CLADVA;cladosporium_variabile
clavibacter michiganensis;CORBMI;;clavibacter michiganensis;CORBMI;;CORBMI;clavibacter_michiganensis
cmv;CMV000;;cmv;CMV000;;CMV000;cmv
coccoidea spp;****NOT FOUND*****;Coccidae;Coccidae;1COCCF;;1COCCF;coccoidea_spp
collet jaune;****NOT FOUND*****;;collet jaune;****NOT FOUND*****;;****NOT FOUND*****;collet_jaune
colletotrichum acutatum;COLLAC;;colletotrichum acutatum;COLLAC;;COLLAC;colletotrichum_acutatum
colletotrichum coccodes;COLLCC;;colletotrichum coccodes;COLLCC;;COLLCC;colletotrichum_coccodes
colletotrichum dematium f spinaciae;****NOT FOUND*****;colletotrichum dematium f. spinaciae;colletotrichum dematium f. spinaciae;COLLDS;;COLLDS;colletotrichum_dematium_f_spinaciae
colletotrichum orbiculare;COLLLA;;colletotrichum orbiculare;COLLLA;;COLLLA;colletotrichum_orbiculare
colletotrichum spp;****NOT FOUND*****;colletotrichum sp.;colletotrichum sp.;COLLSP;;COLLSP;colletotrichum_spp
colomerus vitis;ERPHVI;;colomerus vitis;ERPHVI;;ERPHVI;colomerus_vitis
coniella diplodiella;CONLDI;;coniella diplodiella;CONLDI;;CONLDI;coniella_diplodiella
corynespora cassiicola;CORYCA;;corynespora cassiicola;CORYCA;;CORYCA;corynespora_cassiicola
coulure;****NOT FOUND*****;;coulure;****NOT FOUND*****;;****NOT FOUND*****;coulure
cuscute sp;****NOT FOUND*****;Cuscuta sp.;Cuscuta sp.;CVCSS;****NOT FOUND*****;****NOT FOUND*****;cuscute_sp
cvyv;CVYV00;;cvyv;CVYV00;;CVYV00;cvyv
cylindrocarpon destructans;NECTRA;;cylindrocarpon destructans;NECTRA;;NECTRA;cylindrocarpon_destructans
cysdv;CYSDV0;;cysdv;CYSDV0;;CYSDV0;cysdv
daktulosphaira vitifoliae;VITEVI;;daktulosphaira vitifoliae;VITEVI;;VITEVI;daktulosphaira_vitifoliae
defaut nouaison;****NOT FOUND*****;;defaut nouaison;****NOT FOUND*****;;****NOT FOUND*****;defaut_nouaison
deperissement;****NOT FOUND*****;;deperissement;****NOT FOUND*****;;****NOT FOUND*****;deperissement
didymela bryoniae;****NOT FOUND*****;didymella bryoniae;didymella bryoniae;DIDYBR;;DIDYBR;didymela_bryoniae
didymella bryoniae;DIDYBR;;didymella bryoniae;DIDYBR;;DIDYBR;didymella_bryoniae
didymella lycopersici;DIDYLY;;didymella lycopersici;DIDYLY;;DIDYLY;didymella_lycopersici
ditylenchus dipsaci;DITYDI;;ditylenchus dipsaci;DITYDI;;DITYDI;ditylenchus_dipsaci
drosophila spp;****NOT FOUND*****;drosophila sp.;drosophila sp.;DROSSP;;DROSSP;drosophila_spp
eclatement;****NOT FOUND*****;;eclatement;****NOT FOUND*****;;****NOT FOUND*****;eclatement
eclatement du fruit;****NOT FOUND*****;;eclatement du fruit;****NOT FOUND*****;;****NOT FOUND*****;eclatement_du_fruit
elsinoe ampelina;ELSIAM;;elsinoe ampelina;ELSIAM;;ELSIAM;elsinoe_ampelina
emdv;EMDV00;;emdv;EMDV00;;EMDV00;emdv
empoasca vitis;EMPOFL;;empoasca vitis;EMPOFL;;EMPOFL;empoasca_vitis
enroulement;****NOT FOUND*****;;enroulement;****NOT FOUND*****;;****NOT FOUND*****;enroulement
eotetranychus carpini;EOTECA;;eotetranychus carpini;EOTECA;;EOTECA;eotetranychus_carpini
epicocum spp;****NOT FOUND*****;Epicoccum sp.;Epicoccum sp.;EPCCSP;;EPCCSP;epicocum_spp
epilachna argus;EPILAR;;epilachna argus;EPILAR;;EPILAR;epilachna_argus
erwinia tracheiphila;ERWITR;;erwinia tracheiphila;ERWITR;;ERWITR;erwinia_tracheiphila
erysiphe heracle;****NOT FOUND*****;Erysiphe heraclei;Erysiphe heraclei;ERYSHE;;ERYSHE;erysiphe_heracle
erysiphe necator;UNCINE;;erysiphe necator;UNCINE;;UNCINE;erysiphe_necator
erysiphe polygoni;ERYSBE;;erysiphe polygoni;ERYSBE;;ERYSBE;erysiphe_polygoni
esca;****NOT FOUND*****;esca de la vigne;esca de la vigne;PHMOCH;;PHMOCH;esca
escargot;****NOT FOUND*****;Gastropoda;Gastropoda;1GASTC;;1GASTC;escargot
fasciation;****NOT FOUND*****;;fasciation;****NOT FOUND*****;;****NOT FOUND*****;fasciation
fente de croissance;****NOT FOUND*****;;fente de croissance;****NOT FOUND*****;;****NOT FOUND*****;fente_de_croissance
foudre;****NOT FOUND*****;;foudre;****NOT FOUND*****;MELIGH;MELIGH;foudre
fourmis;****NOT FOUND*****;Formicidae;Formicidae;1FORMF;;1FORMF;fourmis
fruit mucrone;****NOT FOUND*****;;fruit mucrone;****NOT FOUND*****;;****NOT FOUND*****;fruit_mucrone
fumagine;CAPDSA;;fumagine;CAPDSA;;CAPDSA;fumagine
fusarium culmorum;FUSACU;;fusarium culmorum;FUSACU;;FUSACU;fusarium_culmorum
fusarium oxysporum f sp lactucae;****NOT FOUND*****;fusarium oxysporum f. sp. lactucae;fusarium oxysporum f. sp. lactucae;FUSALC;;FUSALC;fusarium_oxysporum_f_sp_lactucae
fusarium oxysporum f sp lycopersici;****NOT FOUND*****;fusarium oxysporum f. sp. lycopersici;fusarium oxysporum f. sp. lycopersici;FUSALY;;FUSALY;fusarium_oxysporum_f_sp_lycopersici
fusarium oxysporum f sp melongenae;****NOT FOUND*****;fusarium oxysporum f. sp. melongenae;fusarium oxysporum f. sp. melongenae;FUSAML;;FUSAML;fusarium_oxysporum_f_sp_melongenae
fusarium oxysporum f sp melonis;****NOT FOUND*****;fusarium oxysporum f. sp. melonis;fusarium oxysporum f. sp. melonis;FUSAME;;FUSAME;fusarium_oxysporum_f_sp_melonis
fusarium oxysporum f sp radicis lycopersici;****NOT FOUND*****;fusarium oxysporum f. sp. Radicis-lycopersici;fusarium oxysporum f. sp. Radicis-lycopersici;FUSARL;;FUSARL;fusarium_oxysporum_f_sp_radicis_lycopersici
fusarium solani f sp cucurbitae;****NOT FOUND*****;fusarium solani f. sp. cucurbitae;fusarium solani f. sp. cucurbitae;FUSASU;;FUSASU;fusarium_solani_f_sp_cucurbitae
fusarium spp;****NOT FOUND*****;fusarium sp.;fusarium sp.;FUSASP;;FUSASP;fusarium_spp
gel;****NOT FOUND*****;;gel;****NOT FOUND*****;MEFROS;MEFROS;gel
geotrichum candidum;GEOTCA;;geotrichum candidum;GEOTCA;;GEOTCA;geotrichum_candidum
germination interne;****NOT FOUND*****;;germination interne;****NOT FOUND*****;;****NOT FOUND*****;germination_interne
gflv;GFLV00;;gflv;GFLV00;;GFLV00;gflv
gloeosporium orbiculare;****NOT FOUND*****;Colletotrichum orbiculare;Colletotrichum orbiculare;COLLLA;;COLLLA;gloeosporium_orbiculare
golovinomyceces cichoracerum;****NOT FOUND*****;golovinomyces cichoracearum;golovinomyces cichoracearum;ERYSCI;;ERYSCI;golovinomyceces_cichoracerum
golovinomyces cichoracearum;ERYSCI;;golovinomyces cichoracearum;ERYSCI;;ERYSCI;golovinomyces_cichoracearum
golovinomyces cichoracearum var cichoracearum;****NOT FOUND*****;golovinomyces cichoracearum;golovinomyces cichoracearum;ERYSCI;;ERYSCI;golovinomyces_cichoracearum_var_cichoracearum
grele;****NOT FOUND*****;;grele;****NOT FOUND*****;MEHAIL;MEHAIL;grele
grillure physiologique;****NOT FOUND*****;;grillure physiologique;****NOT FOUND*****;;****NOT FOUND*****;grillure_physiologique
guignardia bidwellii;GUIGBI;;guignardia bidwellii;GUIGBI;;GUIGBI;guignardia_bidwellii
haematonectria haematococca;****NOT FOUND*****;Neocosmospora solani;Neocosmospora solani;FUSASO;;FUSASO;haematonectria_haematococca
helminthosporium solani;HELMSO;;helminthosporium solani;HELMSO;;HELMSO;helminthosporium_solani
hemiptera spp;****NOT FOUND*****;hemiptera;hemiptera;1HEMIO;;1HEMIO;hemiptera_spp
heteroptera spp;****NOT FOUND*****;heteroptera;heteroptera;1HETER;;1HETER;heteroptera_spp
intumescence;****NOT FOUND*****;;intumescence;****NOT FOUND*****;;****NOT FOUND*****;intumescence
lapin;ORYTCU;;lapin;ORYTCU;;ORYTCU;lapin
leptinotarsa decemlineata;LPTNDE;;leptinotarsa decemlineata;LPTNDE;;LPTNDE;leptinotarsa_decemlineata
leveillula taurica;LEVETA;;leveillula taurica;LEVETA;;LEVETA;leveillula_taurica
limace;****NOT FOUND*****;Gastropoda;Gastropoda;1GASTC;;1GASTC;limace
liriomysa spp;****NOT FOUND*****;Liriomyza sp.;Liriomyza sp.;LIRISP;;LIRISP;liriomysa_spp
liyv;LIYV00;;liyv;LIYV00;;LIYV00;liyv
lobesia botrana;POLYBO;;lobesia botrana;POLYBO;;POLYBO;lobesia_botrana
lrna;****NOT FOUND*****;Lettuce ring necrosis agent;Lettuce ring necrosis agent;LRNA00;;LRNA00;lrna
macrophomina phaseolina;MCPHPH;;macrophomina phaseolina;MCPHPH;;MCPHPH;macrophomina_phaseolina
macule rouille;****NOT FOUND*****;;macule rouille;****NOT FOUND*****;;****NOT FOUND*****;macule_rouille
maladie du bois;****NOT FOUND*****;;maladie du bois;****NOT FOUND*****;;****NOT FOUND*****;maladie_du_bois
maladie physiologique;****NOT FOUND*****;;maladie physiologique;****NOT FOUND*****;;****NOT FOUND*****;maladie_physiologique
marbrure;****NOT FOUND*****;;marbrure;****NOT FOUND*****;;****NOT FOUND*****;marbrure
marssonina fragariae;DIPCEA;;marssonina fragariae;DIPCEA;;DIPCEA;marssonina_fragariae
meloidogyne spp;****NOT FOUND*****;meloidogyne sp.;meloidogyne sp.;MELGSP;;MELGSP;meloidogyne_spp
metcalfa pruinosa;METFPR;;metcalfa pruinosa;METFPR;;METFPR;metcalfa_pruinosa
mlbvv;MILBVV;;mlbvv;MILBVV;;MILBVV;mlbvv
mnsv;MNSV00;;mnsv;MNSV00;;MNSV00;mnsv
monosporascus cannonballus;MSPSCB;;monosporascus cannonballus;MSPSCB;;MSPSCB;monosporascus_cannonballus
mouche;****NOT FOUND*****;Bactrocera oleae;Bactrocera oleae;DACUOL;;DACUOL;mouche
mrmv;MRMV00;;mrmv;MRMV00;;MRMV00;mrmv
necrose apicale;****NOT FOUND*****;;necrose apicale;****NOT FOUND*****;;****NOT FOUND*****;necrose_apicale
necrose marginale;****NOT FOUND*****;;necrose marginale;****NOT FOUND*****;;****NOT FOUND*****;necrose_marginale
nematoda spp;****NOT FOUND*****;nematoda ;nematoda ;1NEMAP;;1NEMAP;nematoda_spp
nematode;****NOT FOUND*****;nematoda ;nematoda ;1NEMAP;;1NEMAP;nematode
neoceratitis cyanescens;CERTCY;;neoceratitis cyanescens;CERTCY;;CERTCY;neoceratitis_cyanescens
noctuelle;****NOT FOUND*****;noctuidae;noctuidae;1NOCTF;;1NOCTF;noctuelle
noctuidae spp;****NOT FOUND*****;noctuidae;noctuidae;1NOCTF;;1NOCTF;noctuidae_spp
oidium spp;****NOT FOUND*****;oidium sp.;oidium sp.;OIDISP;;OIDISP;oidium_spp
oiseau;****NOT FOUND*****;;oiseau;****NOT FOUND*****;AADVXX;AADVXX;oiseau
oiseaux;****NOT FOUND*****;;oiseaux;****NOT FOUND*****;AADVXX;AADVXX;oiseaux
olpidium virulentus;OLPIVI;;olpidium virulentus;OLPIVI;;OLPIVI;olpidium_virulentus
oomycete divers;****NOT FOUND*****;Oomycetes;Oomycetes;1OOMYC;;1OOMYC;oomycete_divers
orobanche spp;****NOT FOUND*****;orobanche sp.;orobanche sp.;ORASS;****NOT FOUND*****;****NOT FOUND*****;orobanche_spp
panonychus ulmi;METTUL;;panonychus ulmi;METTUL;;METTUL;panonychus_ulmi
passalora fulva;FULVFU;;passalora fulva;FULVFU;;FULVFU;passalora_fulva
pectobacterium carotovorum;****NOT FOUND*****;Pectobacterium carotovorum subsp. Carotovorum;Pectobacterium carotovorum subsp. carotovorum;PECBCC;;PECBCC;pectobacterium_carotovorum
pectobacterium carotovorum subsp carotovorum;****NOT FOUND*****;Pectobacterium carotovorum subsp. Carotovorum;Pectobacterium carotovorum subsp. carotovorum;PECBCC;;PECBCC;pectobacterium_carotovorum_subsp_carotovorum
pectobacterium spp;****NOT FOUND*****;pectobacterium sp.;pectobacterium sp.;PECGSP;;PECGSP;pectobacterium_spp
pemphygus bursarius;****NOT FOUND*****;pemphigus bursarius;pemphigus bursarius;PEMPBU;;PEMPBU;pemphygus_bursarius
pemv;****NOT FOUND*****;Pea enation mosaic virus;Pea enation mosaic virus;PEMV10;;PEMV10;pemv
penicillium spp;****NOT FOUND*****;Penicillium sp.;Penicillium sp.;PENISP;;PENISP;penicillium_spp
peronospora hyoscyami f sp tabacina;****NOT FOUND*****;peronospora hyoscyami f.sp. tabacina;peronospora hyoscyami f.sp. tabacina;PEROTA;;PEROTA;peronospora_hyoscyami_f_sp_tabacina
peronospora parasitica;PEROPA;;peronospora parasitica;PEROPA;;PEROPA;peronospora_parasitica
peronospora pisi;PEROVP;;peronospora pisi;PEROVP;;PEROVP;peronospora_pisi
pevmv;****NOT FOUND*****;Pepper veinal mottle virus;Pepper veinal mottle virus;PVMV00;;PVMV00;pevmv
phaeoacremonium aleophilum;TOGNMI;;phaeoacremonium aleophilum;TOGNMI;;TOGNMI;phaeoacremonium_aleophilum
phaeomoniella chlamydospora;PHMOCH;;phaeomoniella chlamydospora;PHMOCH;;PHMOCH;phaeomoniella_chlamydospora
phomopsis cucurbitace;****NOT FOUND*****;Phomopsis sclerotioides;Phomopsis sclerotioides;PHOPSC;;PHOPSC;phomopsis_cucurbitace
phomopsis dauci;PHOPDA;;phomopsis dauci;PHOPDA;;PHOPDA;phomopsis_dauci
phomopsis sclerotioides;PHOPSC;;phomopsis sclerotioides;PHOPSC;;PHOPSC;phomopsis_sclerotioides
phomopsis vexans;PHOPVE;;phomopsis vexans;PHOPVE;;PHOPVE;phomopsis_vexans
phomopsis viticola;PHOPVI;;phomopsis viticola;PHOPVI;;PHOPVI;phomopsis_viticola
phyllotreta spp;****NOT FOUND*****;phyllotreta sp.;phyllotreta sp.;PHYESP;;PHYESP;phyllotreta_spp
phytophthora cactorum;PHYTCC;;phytophthora cactorum;PHYTCC;;PHYTCC;phytophthora_cactorum
phytophthora fragariae;PHYTFR;;phytophthora fragariae;PHYTFR;;PHYTFR;phytophthora_fragariae
phytophthora infestans;PHYTIN;;phytophthora infestans;PHYTIN;;PHYTIN;phytophthora_infestans
phytophthora nicotianae;PHYTNN;;phytophthora nicotianae;PHYTNN;;PHYTNN;phytophthora_nicotianae
phytophthora porri;PHYTPO;;phytophthora porri;PHYTPO;;PHYTPO;phytophthora_porri
phytophthora spp;****NOT FOUND*****;phytophthora sp.;phytophthora sp.;PHYTSP;;PHYTSP;phytophthora_spp
phytoplasma spp;****NOT FOUND*****;phytoplasma;phytoplasma;1PHYPG;;1PHYPG;phytoplasma_spp
phytotoxicite;****NOT FOUND*****;;phytotoxicite;****NOT FOUND*****;;****NOT FOUND*****;phytotoxicite
phytotoxicite herbicide;****NOT FOUND*****;;phytotoxicite herbicide;****NOT FOUND*****;;****NOT FOUND*****;phytotoxicite_herbicide
plasmopara viticola;PLASVI;;;PLASVI;;PLASVI;plasmopara_viticola
plectospora tabacinea;****NOT FOUND*****;Plectosporium tabacinum;Plectosporium tabacinum;MONGCU;;MONGCU;plectospora_tabacinea
podosphaera aphanis;PODOAP;;podosphaera aphanis;PODOAP;;PODOAP;podosphaera_aphanis
podosphaera xanthii;PODOXA;;podosphaera xanthii;PODOXA;;PODOXA;podosphaera_xanthii
point dores;****NOT FOUND*****;;point dores;****NOT FOUND*****;;****NOT FOUND*****;point_dores
polyphyllie;****NOT FOUND*****;polyphylla;polyphylla;1POLHG;;1POLHG;polyphyllie
pourriture acide;****NOT FOUND*****;;pourriture acide;****NOT FOUND*****;;****NOT FOUND*****;pourriture_acide
prsv;PRSV00;;prsv;PRSV00;;PRSV00;prsv
pseudocercospora fuliginea;****NOT FOUND*****;pseudocercospora fuligena;pseudocercospora fuligena;CERCFU;;CERCFU;pseudocercospora_fuliginea
pseudoidium neolycopersici;****NOT FOUND*****;Oidium neolycopersici;Oidium neolycopersici;OIDINL;;OIDINL;pseudoidium_neolycopersici
pseudomonas cichorii;PSDMCI;;pseudomonas cichorii;PSDMCI;;PSDMCI;pseudomonas_cichorii
pseudomonas corrugata;PSDMCR;;pseudomonas corrugata;PSDMCR;;PSDMCR;pseudomonas_corrugata
pseudomonas marginalis pv marginalis;****NOT FOUND*****;Pseudomonas marginalis pv. Marginalis;Pseudomonas marginalis pv. Marginalis;PSDMMS;;PSDMMS;pseudomonas_marginalis_pv_marginalis
pseudomonas spp;****NOT FOUND*****;pseudomonas sp.;pseudomonas sp.;PSDMSP;;PSDMSP;pseudomonas_spp
pseudomonas syringae;PSDMSX;;pseudomonas syringae;PSDMSX;;PSDMSX;pseudomonas_syringae
pseudomonas syringae pv aptata;****NOT FOUND*****;Pseudomonas syringae pv. Aptata;Pseudomonas syringae pv. Aptata;PSDMPT;;PSDMPT;pseudomonas_syringae_pv_aptata
pseudoperonospora cubensis;PSPECU;;pseudoperonospora cubensis;PSPECU;;PSPECU;pseudoperonospora_cubensis
puccinia allii;PUCCAL;;puccinia allii;PUCCAL;;PUCCAL;puccinia_allii
puccinia porri;PUCCPO;;puccinia porri;PUCCPO;;PUCCPO;puccinia_porri
pvy;PVY000;;pvy;PVY000;;PVY000;pvy
pyrenochaeta lycopersici;PYRELY;;pyrenochaeta lycopersici;PYRELY;;PYRELY;pyrenochaeta_lycopersici
pyrenochaeta terrestris;PYRETE;;pyrenochaeta terrestris;PYRETE;;PYRETE;pyrenochaeta_terrestris
pythium spp;****NOT FOUND*****;pythium sp.;pythium sp.;PYTHSP;;PYTHSP;pythium_spp
racine aerienne;****NOT FOUND*****;;racine aerienne;****NOT FOUND*****;;****NOT FOUND*****;racine_aerienne
ralstonia solanacearum;RALSSL;;ralstonia solanacearum;RALSSL;;RALSSL;ralstonia_solanacearum
ramularia brunnea;****NOT FOUND*****;Mycosphaerella fragariae;Mycosphaerella fragariae;MYCOFR;;MYCOFR;ramularia_brunnea
rhizobacter spp;****NOT FOUND*****;;rhizobacter spp;****NOT FOUND*****;;****NOT FOUND*****;rhizobacter_spp
rhizobium radiobacter;AGRBTU;;rhizobium radiobacter;AGRBTU;;AGRBTU;rhizobium_radiobacter
rhizoctionia violacea;****NOT FOUND*****;Rhizoctonia violacea;Rhizoctonia violacea;HLCBBR;;HLCBBR;rhizoctionia_violacea
rhizoctonia solani;RHIZSO;;rhizoctonia solani;RHIZSO;;RHIZSO;rhizoctonia_solani
rhizoctonia spp;****NOT FOUND*****;Rhizoctonia sp.;Rhizoctonia sp.;RHIZSP;;RHIZSP;rhizoctonia_spp
rhizopus stolonifer;RIZPST;;rhizopus stolonifer;RIZPST;;RIZPST;rhizopus_stolonifer
scaphoideus titanus;SCAPLI;;scaphoideus titanus;SCAPLI;;SCAPLI;scaphoideus_titanus
sclerotinia minor;SCLEMI;;sclerotinia minor;SCLEMI;;SCLEMI;sclerotinia_minor
sclerotinia sclerotiorum;SCLESC;;sclerotinia sclerotiorum;SCLESC;;SCLESC;sclerotinia_sclerotiorum
sclerotinia slerotiorum;****NOT FOUND*****;sclerotinia sclerotiorum;sclerotinia sclerotiorum;SCLESC;;SCLESC;sclerotinia_slerotiorum
sclerotinia spp;****NOT FOUND*****;sclerotinia sp.;sclerotinia sp.;SCLESP;;SCLESP;sclerotinia_spp
scolyte;****NOT FOUND*****;Scolytinae;Scolytinae;1SCOLS;;1SCOLS;scolyte
scutigerella immaculata;SCUTIM;;scutigerella immaculata;SCUTIM;;SCUTIM;scutigerella_immaculata
septoria apiicola;SEPTAP;;septoria apiicola;SEPTAP;;SEPTAP;septoria_apiicola
smamv;****NOT FOUND*****;;smamv;****NOT FOUND*****;;****NOT FOUND*****;smamv
sqmv;SQMV00;;sqmv;SQMV00;;SQMV00;sqmv
stemphylium botryosum;STEMBO;;stemphylium botryosum;STEMBO;;STEMBO;stemphylium_botryosum
stemphylium spp;****NOT FOUND*****;stemphylium sp.;stemphylium sp.;STEMSP;;STEMSP;stemphylium_spp
stictocephala bisonia;STICBI;;stictocephala bisonia;STICBI;;STICBI;stictocephala_bisonia
stress climatique;****NOT FOUND*****;;stress climatique;****NOT FOUND*****;;****NOT FOUND*****;stress_climatique
stress froid alimentaire;****NOT FOUND*****;;stress froid alimentaire;****NOT FOUND*****;MELOTE;MELOTE;stress_froid_alimentaire
tache de latex;****NOT FOUND*****;;tache de latex;****NOT FOUND*****;;****NOT FOUND*****;tache_de_latex
tache de rouille;****NOT FOUND*****;;tache de rouille;****NOT FOUND*****;;****NOT FOUND*****;tache_de_rouille
tarsoneme;****NOT FOUND*****;Polyphagotarsonemus latus;Polyphagotarsonemus latus;HEMTLA;;HEMTLA;tarsoneme
taupin;AGRISO;Agriotes sp.;Agriotes sp.;AGRISP;;AGRISP;taupin
tcdvd;TCDVD0;;tcdvd;TCDVD0;;TCDVD0;tcdvd
termite;****NOT FOUND*****;Isoptera;Isoptera;1ISOPO;;1ISOPO;termite
tev;TEV000;;tev;TEV000;;TEV000;tev
thanatephorus cucumeris;RHIZSO;;thanatephorus cucumeris;RHIZSO;;RHIZSO;thanatephorus_cucumeris
thielaviopsis basicola;THIEBA;;thielaviopsis basicola;THIEBA;;THIEBA;thielaviopsis_basicola
thysanoptera spp;****NOT FOUND*****;Thysanoptera;Thysanoptera;1THYSO;;1THYSO;thysanoptera_spp
tmv;TMV000;;tmv;TMV000;;TMV000;tmv
tobrfv;TOBRFV;;tobrfv;TOBRFV;;TOBRFV;tobrfv
tocv;TOCV00;;tocv;TOCV00;;TOCV00;tocv
tomv;TOMV00;;tomv;TOMV00;;TOMV00;tomv
tordeuse indeterminee;****NOT FOUND*****;lobesia botrana;lobesia botrana;POLYBO;;POLYBO;tordeuse_indeterminee
trichothecium roseum;TRITRO;;trichothecium roseum;TRITRO;;TRITRO;trichothecium_roseum
trsv;TRSV00;;trsv;TRSV00;;TRSV00;trsv
tswv;TSWV00;;tswv;TSWV00;;TSWV00;tswv
tuta absoluta;GNORAB;;tuta absoluta;GNORAB;;GNORAB;tuta_absoluta
tylcv;TYLCV0;;tylcv;TYLCV0;;TYLCV0;tylcv
verticillium dahliae;VERTDA;;verticillium dahliae;VERTDA;;VERTDA;verticillium_dahliae
verticillium spp;****NOT FOUND*****;verticillium sp.;verticillium sp.;VERTSP;;VERTSP;verticillium_spp
virus;****NOT FOUND*****;;virus;****NOT FOUND*****;1VIRLD ;1VIRLD ;virus
vitrescence;****NOT FOUND*****;;vitrescence;****NOT FOUND*****;;****NOT FOUND*****;vitrescence
wmcsv;WMCSV0;;wmcsv;WMCSV0;;WMCSV0;wmcsv
wmv;WMV000;;wmv;WMV000;;WMV000;wmv
xanthomonas fragariae;XANTFR;;xanthomonas fragariae;XANTFR;;XANTFR;xanthomonas_fragariae
xanthomonas hortorum;XANTHT;;xanthomonas hortorum;XANTHT;;XANTHT;xanthomonas_hortorum
zebrure fruit;****NOT FOUND*****;;zebrure fruit;****NOT FOUND*****;;****NOT FOUND*****;zebrure_fruit
zippering;****NOT FOUND*****;;zippering;****NOT FOUND*****;;****NOT FOUND*****;zippering
zymv;ZYMV00;;zymv;ZYMV00;;ZYMV00;zymv
